{
  "left_menu": [
    {
      "iconName": "loan_icon",
      "menuName": "investment",
      "routingPath": "/mainNavPage/accountOverviewPage"
    },
    {
      "iconName": "loan_icon",
      "menuName": "fundTransfer",
      "routingPath": "/mainNavPage/transactionHistoryPage"
    },
    {
      "iconName": "loan_icon",
      "menuName": "iToken",
      "routingPath": "/mainNavPage/sessionSummaryPage"
    },
    {
      "iconName": "loan_icon",
      "menuName": "sample 3",
      "subMenu": [
        {
          "menuName": "sample sub menu 1",
          "routingPath": "/mainNavPage/sessionSummaryPage"
        },
        {
          "iconName": "loan_icon",
          "menuName": "sample sub menu 3",
          "routingPath": "/mainNavPage/sessionSummaryPage"
        }
      ]
    },
    {
      "iconName": "loan_icon",
      "menuName": "iToken",
      "routingPath": "/mainNavPage/sessionSummaryPage"
    }
  ]
}
