{
  "left_menu": [
    {
      "iconName": "loan_icon",
      "menuName": "中文1",
      "routingPath": "/mainNavPage/accountOverviewPage"
    },
    {
      "iconName": "loan_icon",
      "menuName": "中文 1",
      "subMenu": [
        {
          "iconName": "loan_icon",
          "menuName": "中文 1",
          "routingPath": "/mainNavPage/sessionSummaryPage"
        },
        {
          "iconName": "loan_icon",
          "menuName": "中文 2",
          "routingPath": "/mainNavPage/sessionSummaryPage"
        }
      ]
    },
    {
      "iconName": "loan_icon",
      "menuName": "中文3",
      "routingPath": "/mainNavPage/transactionHistoryPage"
    }
  ]
}
